,0
0,
1,- rodriguez
2,-- manrique
3,-- ramirez
4,-- sarabia
5,-- velas
6,-- velasco
7,-- herrera ortiz
8,-- pinta y collantes
9,-- abrego
10,--de vega
11, las 
12, su 
13,a lopez
14,abraham
15,acenfio maeda
16,adan
17,ademas
18,adrian flamenco
19,agnus dei madera
20,agnus cera
21,agustin
22,ahasuerus
23,alarconsimon ruiz
24,albaro cazeres
25,albaro cespedes y vallejo
26,alexo fernandezrodrigo
27,alfian
28,alfonso
29,alfonso xii
30,alfonso xiii
31,ali
32,alo alarcon escriuo
33,alonso
34,alonso ecijano
35,alonso sarehir
36,alonso xaimez
37,alonso basques
38,alonso balder--
39,alonso fsquibel
40,alonso esijano
41,alonso rroxo
42,alphonsa maria nogren
43,alphonsa gusman
44,alº gordillo
45,alº fanchez gordillo
46,amaro basques
47,amaro basquez
48,amaro vafquez
49,ambrosio
50,ambrosio diazdel
51,ana
52,ana alcosser
53,ana luzon
54,ana mendriaga
55,anamaria
56,andrea
57,andrea sarebes uriano
58,andres
59,andres garrocho
60,andres buenrostro
61,andres ibarburu y galdona
62,andres obiedo maeftro
63,andres ceodas
64,andres rinquel
65,andres lazo
66,andres mendriaga
67,andres regajal
68,andres zaya
69,andres zuñiga
70,angel anunciandoles el nacimiento
71,angela
72,angeles
73,angeles ntra
74,angeles y famosos
75,angeles y pastores
76,angeles y serafines
77,angeles y virgenes
78,animas benditas
79,animas benditas purgatorio
80,animas benditos
81,animas purgatorio
82,animas purgatoria
83,anton guizola
84,antonia
85,antonia barragan
86,antonia elegui
87,antonia sedemonte
88,antonia lldefonsa
89,antonio
90,antonio caruallo presuitero
91,antonio coimbra
92,antonio embila
93,antonio miguel fax
94,antonio nobela
95,antonio padre
96,antonio serabe rete
97,antonio sohenone
98,antonio uberuoaga
99,antonio zanamiego
100,antonio -- vecinos
101,antonio candaraes
102,antonio landaver
103,antonio neberos
104,antonio santa cruz
105,antonio vueva
106,arfian
107,aroca
108,arquiteto
109,arzobispo mena
110,ase tallar
111,audalla morato
112,auto el sr teniente
113,autografo
114,autografo de
115,autografo pacheco
116,autografo juo ouiedo
117,avila
118,aviles
119,azcona arzovispo
120,b vazquez
121,balencian martingaspar peralta
122,balthazar corbartes
123,barrao
124,barreda
125,bartolome belzere
126,bartolome hozes
127,bartolome humarez
128,bartolome redaño
129,bartolome parrafranco
130,basquez
131,batista s
132,bautismo
133,bautismo mariana
134,beatris
135,beatriz
136,beatriz barue
137,beatriz campoverde
138,beatriz benjumea
139,belen d
140,beltran aubri
141,benito dinan
142,benito montedoy
143,benito de pumares
144,benuenucto tortillo
145,benuenuto
146,benuenuto tortillo
147,benvenuto
148,benvenuto tortillo
149,berdo billaba
150,bernabe menuche
151,bernabe mompian xezerra
152,bernal
153,bernardino
154,bernardino 20 reales
155,bernardo
156,bernardo andres depezo
157,bernardo biquera
158,bernardo pedia
159,bernardo mostrenco
160,bodas cana
161,bodas canaan
162,bollullos mitacion
163,borne
164,brigida torres
165,caballo
166,calderon
167,canasita flores
168,cano
169,caova
170,capitulaciones matrimoniales
171,capitulo definitorio
172,carlos
173,carlos ii
174,carlos atabante
175,carlos chasaretta
176,carlos licht
177,carlos ubiedo
178,castilleja gurman
179,catalina
180,catalina jacinta lucera y pedrosa
181,catalina paisoles
182,catalina mijancas
183,catalina fandoual
184,catalina morisca
185,cebrian caritate
186,cerdan
187,christo cruz
188,ciprion coruchi
189,claudio
190,claudio perijon
191,cleopatra quitandose una vibora los pechos
192,cofradia las animas
193,cofradia las benditas
194,cofradia santisimo sacramento
195,cofradia santisimo sacramento y almas benditas purgatorio
196,compañia jesus
197,conrado bredembeque
198,constanza chasareta
199,conversion
200,corderito
201,cornelio delque
202,corral
203,costa
204,criftoual xuares
205,cristo crucificado
206,cristo expiracion
207,cristo nuestro
208,cristo señor muerto
209,cristo san juan y nra señora
210,cristobal
211,cristobal sugadi
212,cristobal barro y sepulbeda
213,cristobal nuñes
214,cristobal treinta y ocho mil y setecientos y cincuenta
215,cuelo escarolado
216,camara de
217,diego dlaz
218,domingo mejla
219,dalila cortando
220,damian teba
221,daniel
222,david
223,dean
224,desposorios
225,diego
226,diego -- lucas
227,diego alcantud
228,diego daca
229,diego sinajez
230,diego belasques silba
231,diego de
232,diego abrego
233,diego albarada
234,diego aremo
235,diego azalidallo
236,diego begadi
237,diego campoviejo
238,diego esqueda
239,diego lateral
240,diego ortenegra
241,diego paiba
242,diego pierogullano
243,diego sita
244,diego sutigo
245,diego ydobo
246,diego ziria
247,diego zuñiga
248,diego habania
249,diego gomes las vifite
250,dionizio monzerrate puior
251,domingo
252,domingo embila
253,domingo pieragullano
254,domingo quaresma
255,dorado pintura
256,dorado retablo
257,duarte
258,dupues medinazeli
259,duque medina-sidonia
260,elvira
261,enagenar
262,enrique
263,enrique bet
264,entrego e recibo
265,escribano publico
266,esno seuia
267,espanta rodrigo
268,espejo
269,espino
270,estacio ramos
271,esteuan roano
272,estan maltratando
273,eufemio sigler
274,eugenia
275,eusebio
276,evangelistas
277,executen conpelan
278,executen conpelan y apremisa
279,ezeto
280,francisco de los rfos alcantud
281,faustina
282,favian umanes cancino
283,feliciana
284,feliciano
285,felipe
286,felipe iv
287,felipe v
288,felipe montingre
289,femando virabedra paz
290,femando miranda
291,fernan 
292,fernandez
293,fernando
294,fernando 4 reales
295,fernando pesquel
296,fernando abrego
297,fernando almonarir
298,fernando benjumea
299,fernando billapor
300,fernando nisa
301,fernando y luisa
302,fernando y santa
303,fiadores blas santa maria
304,figueroaandres ocampo
305,figueroamanuel morales
306,firmadaalonso alarcon
307,firmadamiguel çumaraga
308,firman
309,firmas
310,florencio
311,flores alrededor
312,francesca
313,francesca calvijo pora
314,francesca teroro
315,francesca sarayn
316,francisca
317,francisco ascarza
318,francisco baltanel
319,francisco beltanel
320,francisco bernuda
321,francisco estacio
322,francisco joseph fernando y isidro
323,francisco lazo
324,francisco medil
325,francisco megia
326,francisco nobela
327,francisco nolda
328,francisco nuñes
329,francisco rabarro
330,francisco reliada
331,francisco terrin
332,francisco de
333,francisco --
334,francisco alicante
335,francisco bacarrel
336,francisco baslientos
337,francisco hozes
338,francisco huebel
339,francisco huses
340,francisco logroño
341,francisco micergilio
342,francisco nabia
343,francisco nanziba
344,francisco urquecir
345,francisco valvurua
346,francisco braña
347,francisco hordoñ
348,francisco y bernardina
349,francisco-pacheco
350,franco
351,fruteros
352,fscribano
353,felix
354,felix guersi
355,gaspar mejla
356,gabriel
357,gabriel muys
358,gabriel alhondiga
359,gabriel crexensan
360,gabriel leon y arespe
361,gambarte
362,gaspar
363,gaspar brabo
364,gaspar jerquelbout
365,gaspar pluyms
366,gaspar ragis
367,gaspar nuñes
368,gaudioso berobia
369,geronimo leiba
370,gil curul
371,globos flores
372,goliat y david
373,gonsalo auisele
374,gonzalo
375,gonzalo santofincia
376,gregorio arbuscody
377,gregorio vastan
378,guillermo duincuelt
379,guirnaldas flores
380,hacer escoltura
381,haser
382,henrique
383,henrique banfraet
384,henrique conique
385,hercules
386,herhardt sonen
387,hernando santa cruz
388,hernando esturme
389,hernando uzeda
390,heronimo velasques
391,hespa
392,hieroglificos muerte
393,hieronimo estede
394,hungria
395,ignacio de rles
396,identicos
397,igla auiso
398,igla nesesito
399,ignacia coniques
400,ignacio mugaburu
401,ignacio tapis
402,ille sr julian
403,ilmo
404,ilustrisimo cauildo
405,ines
406,ines loys
407,isabel
408,isabel baltanel
409,isabel freijol
410,isabel humarez
411,isabel olaches
412,isabel ochea
413,isabel y nufria
414,isidora
415,isidora matias valdovinos
416,isidro
417,j ba
418,juan gomez de coutodieron
419,jacinta
420,jacob
421,jacobo
422,jacobo alca
423,jacome arcegani
424,jacome pedemontte carlos badaraco
425,jaen
426,jaime baltanel
427,jaime seiba
428,jeraldo monforte
429,jeronima estrada- y universales
430,jeronimo delos olivos
431,jerusalen
432,jeronima campoverde
433,jeronimo
434,jeronimo alavarre
435,jeronimo balfacon
436,jeronimo brabo
437,jeronimo guindal
438,jeronimo zuñiga
439,jeronimo --
440,jesucristo
441,jesuxpo nro sr
442,jesus
443,jesus cristo defunto
444,jesus dormido
445,jesus ecce
446,jhendo
447,joan ribade
448,jordan
449,jorge balduc
450,jorge benaberte
451,jorge galuiz
452,jose baias
453,jose santistebanpartida
454,josefe
455,josefe gago
456,josefe niverto
457,josefe ira
458,joseph
459,joseph belero urbines
460,joseph brunenque
461,joseph gonzales bandanosa
462,joseph jacon
463,joseph lopa
464,joseph reduando
465,joseph shez berrospe
466,joseph tason
467,joseph veloso
468,joseph benjumea
469,joseph betis
470,joseph nicodemus
471,joseph olayrola
472,joseph onbigoze
473,joseph taronque
474,joseph vinuere
475,joseph hynacio
476,joseph ynacio
477,josepha
478,josepha albardo
479,josepha amarrosta
480,josepha alcala
481,josepha amides liano
482,josepha biscarra
483,josepha marta y garzia
484,josepha pinares
485,josepha tordera
486,josepha los santos
487,josephe --
488,josephe acosser
489,josephe alcosser
490,josephe molina y argote
491,josephe escouar
492,josephe farja
493,josephe orden
494,josephe salcedo e frayles
495,jospeh ruiz calzado
496,jospeha figueroa
497,josue banbelle
498,jose
499,jose gurrumendi
500,ju
501,juan afanador
502,juan barragan
503,juan bautista pluyns
504,juan bemal
505,juan bta
506,juan cazquiso
507,juan cestero
508,juan donaire
509,juan fax
510,juan ferazon
511,juan filibante
512,juan gabaldon
513,juan gellega
514,juan jeronimo quadro y sopuerta
515,juan lazo
516,juan manuel y
517,juan martinez montañezsignada
518,juan mercier
519,juan porasco
520,juan seco
521,juan soberano
522,juan suares nabia
523,juan valtanel
524,juan xaramielo
525,juan barva
526,juan -ndo
527,juan abaco
528,juan alicante
529,juan allendano
530,juan alsicolla
531,juan apans
532,juan argia
533,juan beretente
534,juan bitaben
535,juan cabañuela
536,juan canpania
537,juan casablanca
538,juan cazorla
539,juan cuentana
540,juan diso
541,juan enderica
542,juan esqueda
543,juan ginros
544,juan herrados beces
545,juan iraun
546,juan leon y arispe
547,juan medays
548,juan obiedo maeftro
549,juan orisal sagasta
550,juan presiada
551,juan querencia
552,juan raideder
553,juan redio
554,juan ruder
555,juan sabanza
556,juan salsedodiego salsedo
557,juan samiedo
558,juan santa cruz
559,juan sopriarta
560,juan ubiedo
561,juan undarte u ondarte
562,juan urrechar
563,juan urtaben
564,juan useda
565,juan uzeda
566,juan vrones
567,juan yses
568,juan yterayn3
569,juan ytieraen
570,juan zumarraga
571,juan salcedosausedo
572,juan aranburo
573,juan beses herado
574,juan mefa
575,juan paladinas
576,juan urquisar
577,juan xto
578,juan lopez caudelero yeso
579,juan ps
580,juan y andres
581,juana
582,juana --
583,juana flesson
584,juana iraun
585,juana isidora valdovinos
586,juana isidora y valdovinos
587,juana lendines
588,juana negra
589,juana valdovinos
590,juana alcosser
591,juana iruan
592,juana vayas
593,juana y isidora valdovinos
594,juanes abaasquita
595,juanes veorostigui
596,juanes obecias
597,juanos aubezias
598,juarez
599,jubileo porciuncula
600,judit
601,julio
602,jumenta balam
603,jun mnez montañes
604,juo
605,juo cavello
606,juo saluador maestro
607,juo avendaño
608,juo roela
609,juo ballejo
610,juo mesa
611,juo obiedo
612,juo rio
613,juo rio zelaya
614,juo lopes elega
615,juo martines montañes quatrocientos duos
616,juo mnes montañes
617,jusepe
618,jusepe tazon
619,jusepe tason
620,justa y rufina
621,justina
622,laura
623,ldo alo martin
624,ldo juo roela
625,ldo lucas anteçana
626,ledesma de
627,legot
628,legott
629,leonor
630,lope hozes
631,lopez alcegafranco
632,lorenso bernardo gonsales
633,lorenso gonsales
634,lorenza abueda
635,lorenzo
636,lorenzo ibarburu y gladena
637,lorenzo ibarburu
638,lucas xaurigue
639,lucas ziorda
640,lucia luzon
641,luciana abendaria
642,lucrecia abrego
643,luis
644,luis fereriqui
645,luis vistal
646,luis aillon y cuadros
647,luis salafranco y navalla
648,luis y antonio
649,luisa
650,luisa luzon
651,luisa raphaela
652,luisa las nubes
653,lusia
654,ma fernandez
655,matias de godoycarvajal academia
656,murillo virgen
657,maedael
658,maeftro
659,magdalena
660,maior auila
661,manden vmdes
662,manrique zuñiga
663,mantin ynfante
664,manuel
665,manuel batellos
666,manuel mondi
667,manuel artiaga y alua
668,manuel beana
669,manuel castillootorgamos
670,manuel xorxe
671,manuela zurbaran
672,manuela pozi
673,marchena
674,marcos
675,margarita raymaquer
676,margarita yscoben
677,maria
678,maria cabañuela
679,mariana
680,mariana salbiche
681,mariana monbritte
682,marie
683,marques castillejo campo y veinticuatro
684,marques torrehermonsa
685,marquesa malagon y frechilla
686,martin eslotmans
687,martin latesa
688,martin osinaga
689,martin resurecion
690,martinez arriagaluis
691,martin anhular
692,martin sumeta
693,maria flessens
694,maria magdalena ondarzal y galardi
695,maria nicolasa duarte y acuna
696,maria chances
697,maria pasion
698,maria perralba
699,maria sedma
700,maria urrutera
701,maria varo
702,maria villafume estado
703,maria zeballa
704,maria concepcion y perca
705,maria presentador
706,maria 
707,marias
708,mateo basques
709,mateo orisal sagasta
710,mateo vrones
711,mathia cruz
712,mayordomia
713,mayordomo- asimismo
714,mechor escudo
715,mechor escuda
716,mejino
717,melchor escuda
718,melchor ulloe
719,melchora harres
720,memorial
721,men 
722,mexia
723,micaela
724,michaela
725,miguel
726,miguel bovis
727,miguel bozomo
728,miguel legot
729,miguel legote
730,miguel bobis
731,miguel gambarte
732,miguel pobea
733,miguel sanbarte
734,miguel sanvarte
735,miguel toredero
736,miguel usante
737,miguel viscanes
738,miguel zumarraga
739,miguel zuñiga
740,miguel çumarraga
741,miguel fid
742,miguel y
743,militaris s loannis hierosolymitani
744,moises
745,moises el milagro agua
746,montoro
747,mora
748,morales
749,muy ylles
750,monica quiras
751,napoles
752,niceforo
753,nicolas jurate
754,nicolas pujardo presbiteros
755,nicolas
756,nicolas longerot
757,nicolas managa
758,nicolas omazur
759,nicolas noseda
760,nicolas veraspe
761,nicolas zavele
762,nisa leal
763,niseforio meneses ponce
764,niseforo meneses benjumea
765,niseforo meneses ponce
766,nueftra señora
767,nuestro señor
768,nuestro señor crucificado
769,nuestro señor guarde
770,nufio orozco
771,nufio ortega
772,nufio sotomayor
773,nufrio
774,nufrio sanchez
775,nufrio alfaro
776,nufrio ortega
777,nufro
778,nufro colindres
779,nufro ortega
780,obispo escalas
781,obligandome va
782,ocampo
783,oidores real
784,onofrio claramate
785,ortega
786,ovalle
787,p fr
788,p gabriel ortigosa
789,p campos
790,pabellon
791,pablo
792,pablo lamperez
793,pablo legot
794,pablo legote
795,pablo legott
796,pablos legot
797,pablos legote
798,pacheco
799,padre ramirez
800,pagos ytem
801,palafox
802,palomita herrera
803,pasteles y pescados
804,patriarcas
805,patriarcha señor san joseph
806,paula rodillas
807,paula zurbaran
808,pedro --
809,pedro anbachts
810,pedro bastardo
811,pedro berdiel
812,pedro calus
813,pedro corbett
814,pedro dias alcaldes
815,pedro donaire
816,pedro escut
817,pedro ignasio zulueta
818,pedro junquito
819,pedro languazer
820,pedro legot
821,pedro motesdaco
822,pedro pesatierra
823,pedro pestierra
824,pedro rogel
825,pedro sigato
826,pedro torado y guzman
827,pedro valenangel
828,pedro varinelos
829,pedro barva
830,pedro alicante
831,pedro areno
832,pedro conique
833,pedro guisante
834,pedro hondarca
835,pedro laxas
836,pedro tuno
837,pedro urtiaga
838,pedro viscanes
839,pedro le moyne
840,pedro musquis
841,pedro ubisso
842,pedro vorja
843,pedro emreynel
844,pedro posso
845,pedro rey
846,perdiz asada
847,petronila guindalo
848,phelipe
849,philipe queviejo
850,pie
851,pilato
852,pilato lavando
853,pimentel
854,piti juan
855,platero
856,pontifice benedicto xiv
857,potifar
858,prodigo
859,prodigo cuando recibio
860,propugnaculum hierosolymitanum
861,prouior informen
862,prouisor
863,populo
864,quiteria tejada
865,racionero diego uidal
866,rafael aubri
867,rason
868,razon de
869,rdo mill
870,realsado azulete
871,recaudo
872,recibi
873,recibi señor
874,recibo licdo
875,reciui señor
876,regente gebara san benito el rostro
877,reliebe redondas
878,relieuo angeles
879,rema legote
880,remade legot
881,remate retablo
882,requadros releuados
883,resanar oro
884,reseui
885,resgdo
886,resivir yten
887,retablo
888,retablo representasiones
889,retablo mayor
890,retablo y sagrario
891,retor
892,reuerendisimo cardenal
893,reverendisimo
894,rey david
895,rey hermenegdo
896,rey nuestro
897,reynos mexoro
898,ricardo hoguen
899,rio guadalquivir
900,riquiera el gueco
901,rmo
902,rmo cardenal
903,roberto jamone
904,rocoforte
905,rodrigo
906,rodrigo casreno
907,rodrigo franquilo
908,rodrigo lamogar
909,rodrigo abaeu
910,rodrigo abrego
911,rodrigo almança otrosi
912,rodrigo micergilio
913,rodrigo xeres
914,rodrigo ezija
915,rodriguez
916,roelas y salcedo
917,roque
918,roque balduc
919,roque bordoque
920,rosales
921,rosas
922,ruano
923,rubio
924,ruego abeis
925,rufina
926,rufina de
927,rufina tordera
928,rufina albornos
929,rut bogueles
930,ruy
931,s m felipe
932,s martin
933,sa abadessa
934,sabastiana abrego
935,saluador balladares
936,salvador aquelman
937,salvador esquerer
938,salvador mompian
939,sanbarte
940,santana
941,santisimo
942,santisimo sacramento columnas y repisas
943,sebastian fijos
944,sebastian veles
945,sebastiana
946,sebastiana abrego
947,segun gestoso
948,sevillapedro guzman
949,sevillapedro carpio
950,señor antonio
951,señoresbenvenuto tortillo
952,señoria el señor prouisor
953,silva
954,simona biere
955,simon lonsero
956,simon lasas
957,sor provisor informando
958,sr prousor
959,sr simon
960,sra abadessa
961,st hermenegildo
962,steuan aqua fria
963,susana
964,susana sebarillo ymbrea
965,teodora biller
966,teodora labor
967,teodora van vormo
968,teodoro bormio
969,teodoro juy
970,tercias reales
971,teresa
972,thasa padial
973,theresa
974,thomas gisado
975,tiberio camian
976,tirando alfanje
977,tirio piedra
978,tobias
979,tomasa
980,tomasa sorqueza
981,tomas
982,uernaue belazque despinoza
983,urban viueros
984,va
985,va mad
986,va magestad
987,va merced
988,va sa
989,va sa va
990,va saa va
991,va safernan ruys
992,vmd
993,valencina alcor
994,valera
995,valeriano zaragoza
996,varela
997,vargas
998,vas
999,vazquez
1000,velasco
1001,velazquez
1002,vicente
1003,villacreces
1004,villegas
1005,violante ribafelcha
1006,voutert pieterz
1007,vra
1008,vrrutia
1009,vuestra magestadsevilla
1010,vuestra señoria
1011,xacinto pimenttel
1012,xeres jues
1013,xpo
1014,xpo debocion
1015,xpoual
1016,xpoual bermudo
1017,xpoual despaña
1018,xpoual nuñes frayle
1019,xptobal guadis
1020,xptoual
1021,xptoval guadiz
1022,xptoval guadis
1023,xpttoval morante sochantre
1024,yerbado luis batellos
1025,ygnacio
1026,ygnacio vbilla
1027,ylltres señoresla
1028,ylustrisimo cavildo
1029,ymbentario los bienes
1030,ysabel artiaga
1031,ysabel estupiñan abadesa 
1032,ysabel arteaga y salzedo
1033,ysabel artiaga y alua
1034,ysabel artiaga y salcedo
1035,ysauel artiaga y alua
1036,abeis bendido
1037,abeis haser
1038,abeis los restituir
1039,abeis gastado
1040,aberlo bisto
1041,abiendo bisto
1042,abito biuda
1043,abito calatraua
1044,abito montefa
1045,abito montessa
1046,ablo legote
1047,acauar eneruandola
1048,acostunbrada ythen
1049,adrian ybañes
1050,afencio maeda
1051,afenfio maeda
1052,afenfio mendoza
1053,aforro las mangas
1054,aforro arco
1055,agustin zojo
1056,agustin useda
1057,alamo seco
1058,alberto blasques
1059,alberto durero
1060,alberto durero jumetria
1061,albornos donsella
1062,alcanse juo
1063,alferes baltasar rribera
1064,alferez baltasar rribera
1065,alfonso ouiedoalexos
1066,alonffo bazquez
1067,alonffo sanchez
1068,alonfo bandeluira
1069,alonfo forero
1070,alonfo forero guzman
1071,alonfo larios monje
1072,alonfo muños
1073,alonfo rrubio
1074,alonfo rruiz
1075,alonso allarran
1076,alonso asegurado
1077,alonso atabalipa
1078,alonso ciega
1079,alonso meffa
1080,alonso nobela
1081,alonso pabes
1082,alonso rrebenga
1083,alonso dixere
1084,alonso hortis sanbrano
1085,alonso mi
1086,alonso nuñes gusman
1087,alonso rramires
1088,alonso rruys
1089,alonso rruyz
1090,altaneria vna
1091,aluaro oballe
1092,aluaro hernandes
1093,amaro bazques
1094,amaro vazques
1095,ambrofio urnaberos
1096,ambrosyo sanches
1097,ana cues
1098,ana hedad
1099,ana peñaflor
1100,ana roxas
1101,ana y antonyo
1102,ana ybragon
1103,anbrosio billalobos
1104,anbrosio rromero
1105,andres bentaxa narbaez
1106,andres garrocho abeis
1107,andres garrocho aze
1108,andres garrucho
1109,andres gaxo ynquisidor
1110,andres moril rescebi
1111,andres nuñes
1112,andres rramires
1113,andres ruiz 
1114,anfi nonbraren
1115,anfi tomaredes
1116,angeles resplandores
1117,angeles zedro
1118,angeles i serafines
1119,anton
1120,anton beyntes
1121,anton bijo
1122,anton blasques
1123,anton rramires
1124,antonia cueua
1125,antonia esclaua
1126,antonio belez alcoger
1127,antonio silba
1128,antonio luto
1129,antonio petruche
1130,antonio queto
1131,antonio seis
1132,antonio ysasi
1133,antonio flaerhuer
1134,antonio jil gataon
1135,antonio labaco
1136,antonio mini
1137,antonio rrodriguez polei
1138,antonio vaes
1139,antono alfian
1140,antonyo cerezedo
1141,antonyo neueros
1142,aparexar gruefo
1143,aparysio martyn
1144,ariba vña gloria
1145,arquiteturafray miguel loxa
1146,artos yordan
1147,artus jordan
1148,artus yordan
1149,arçobispo sevilla
1150,asan fraucisco
1151,azer nueva reforma
1152,añosxpoual ortiz
1153,baeça huexcar
1154,bafco pereyra
1155,baleriano guiñes
1156,balidasson ynterpongo
1157,balor nesesita
1158,baltasar
1159,baptista basques
1160,baptizo el señor
1161,bartholome seraphin
1162,bartolo gonsales
1163,bartolome bazquez teneys
1164,bartolome balberde
1165,bartolome casaberde
1166,bartolome piarrubia
1167,bartolome dias cofrades
1168,bartolome rruyz
1169,batista basques
1170,bauptista basquez
1171,bautista basques
1172,bautista basques el biejo
1173,bautista i vazques
1174,beatris belasco y suñiga
1175,beatris ceruantes
1176,beatris rribera
1177,beatris sequera
1178,beatris çuñiga y belasco
1179,beatriz serbantes
1180,beatriz zuñiga
1181,beatriz çuñiga y belasco
1182,becino madalena
1183,becino sebilla
1184,benbenuto tortello
1185,benedita belini
1186,benefficio ynbentario
1187,benir cerafines
1188,benir peana
1189,benito montedoi
1190,benito montedoy batihoja
1191,benyto montedoy
1192,benyto sanches
1193,berbo ad berbum
1194,berbo ad berbun
1195,bermondo rresta
1196,bernabe belasques
1197,bernabe minuche
1198,bernal belasques
1199,bernal trese
1200,bernardinus costantinus
1201,bernardo barva
1202,bernardo barva teneys
1203,bernardo baldibiefo
1204,bernardo saabedra e rrojas
1205,bernaue belasques
1206,bernaue minucho
1207,bernave belasques
1208,bernave belazquez
1209,bibe beatriz serbantes
1210,bibe rezebi
1211,bicente hernandes
1212,bienen adorallo
1213,bifente perea
1214,bifta maeftros
1215,bine las probincias
1216,birgen maria
1217,bisente perea
1218,bisente durango
1219,bista officiales
1220,bista ofisiales
1221,bisto el retablo
1222,biuda mugr gaspar ragis
1223,bizente durango
1224,bizente fernandez
1225,bizente fernandez ensanbladores
1226,blas cartilla noel
1227,blas muños sinco
1228,brigida boche
1229,brigida broche
1230,buenabentura ortiz los marabedis
1231,buestra cassa
1232,buestra cofta
1233,byolante sanabria
1234,cafa ospital
1235,calzon rropilla
1236,cana galilea
1237,candelero subceda
1238,canonigo gonçalo brizeño
1239,canonigo hernando
1240,canonigo ribero
1241,carlos hincado
1242,carlos nuestro
1243,carlos rrexis
1244,catalina canpania
1245,catalina fandobal
1246,catalina rroxas
1247,catalina salzedo y sandobal
1248,catalina seruantes
1249,catalina fu
1250,catalina melgarexo monxa
1251,catalina no
1252,catalina no profesare
1253,caussa buestra
1254,cavsa obiere
1255,cañamo nuebo
1256,ceprian medina soperior
1257,ciud seuia
1258,ciudadde seuilla
1259,clerigo capellan
1260,conpañia bieren
1261,conplir pintura
1262,contreras escº
1263,cosmographia de
1264,costança de
1265,costare asentallo
1266,costumbre yten
1267,crestina beles
1268,cristoual darcos
1269,cristoual tello prior
1270,cuia silleria
1271,de r
1272,de herrera y aguilar
1273,de rosa
1274,de obiedo
1275,debocion santa agueda
1276,deljuan martinez montañessebastian cardenastodo
1277,derechoalonso castro
1278,derriuar fera
1279,deseojuan oviedo
1280,desiderio balleoso
1281,desistio della
1282,dexe linpio
1283,dgo camargo
1284,diego 
1285,diego belafques
1286,diego belasques
1287,diego brasero
1288,diego cuio
1289,diego velaffco
1290,diego baldeolibas
1291,diego baldibieso
1292,diego barraffa
1293,diego fauzedo
1294,diego hozes
1295,diego hudovro rexero
1296,diego inendoga
1297,diego naba
1298,diego santa cruz
1299,diego ssaabedra ffaxardo
1300,diego zuloaga
1301,diego debera
1302,diego defcalços
1303,diego deoballa mexico
1304,diego desquibel pintura
1305,diego flamenco
1306,diego heruandes
1307,diego lopez ficieron reber
1308,diego nuñes
1309,diego rramires
1310,diego rramires scruo
1311,diego sanches armario
1312,diego vasques pedrassa
1313,diego y francisca
1314,dionifio monferrate
1315,dionisio d matheo
1316,dixeren baler
1317,domingo oxirondo
1318,domingo gonfales
1319,domingo gonsales
1320,dotor herrera
1321,dotores i santa barbara i santa elena
1322,dozena llorones
1323,duque medinacidonia
1324,efte hefeto
1325,efte memorial
1326,efto feñalare
1327,elbira birues
1328,elbira yllescas
1329,elena nuñes
1330,elicio fernandez rrecibi
1331,enello va
1332,enrrique sufre
1333,enrrique sustre
1334,entendys pudiendolo
1335,estanterol hazia
1336,esteuan ortis
1337,esteuan sanches
1338,faluatierra assistente
1339,favian umanes
1340,febastian bieffas
1341,febastian viuar
1342,fee ldo
1343,felipe 2- tres
1344,felipe rriuas
1345,feliphe vorja
1346,felis obiedo
1347,ferdo ayllon
1348,ferdo samiguel
1349,fernan gr
1350,fernandesalonso vargas
1351,fernando al rededor
1352,fernando esturme
1353,fernando esturmes
1354,fernando jotes
1355,fernando lamestosa
1356,fernando serbantes
1357,fernando silba
1358,fernando uzeda
1359,fernando desturmes
1360,fernando martin 
1361,feuillayo alo alarcon
1362,feñor san joffeph
1363,feñor sant
1364,feñorefhernan ruys
1365,feñoresjuo cauello
1366,ffedro feca
1367,fferretefranco fernandes albares
1368,ffrai fernando
1369,fide jusoribus
1370,fido traji
1371,figueroa provifor
1372,figuiente el
1373,figuiente las
1374,figuiente
1375,firma momorel
1376,firmadoantonio perea
1377,firmefecho ut supraxpobal
1378,formulas usualesfirma
1379,fortifican popa
1380,francisca renuescas
1381,francisca rremescas
1382,francisca rrenuescas
1383,francisca soy
1384,francisca sustentandola
1385,francisco labonio
1386,francisco ravancho
1387,francisco adornio
1388,francisco albadan
1389,francisco anefino
1390,francisco basques
1391,francisco buidanid
1392,francisco zurbaran
1393,francisco abrego
1394,francisco abrego las llaues
1395,francisco almonte scriuo
1396,francisco fianor
1397,francisco assuncion frayles y
1398,francisco resurreccion
1399,francisco rresurrecion
1400,francisco leaberun
1401,francisco monfalbe
1402,francisco monfalue
1403,francisco nabas
1404,francisco rrioxa
1405,francisco santa cruz
1406,francisco surbaran
1407,francisco uzeda
1408,francisco xeres
1409,francisco xerez
1410,francisco zelis
1411,francisco zurbaran maeftro
1412,francisco dias escº
1413,francisco el
1414,francisco feron
1415,francisco firmada anbos
1416,francisco habier
1417,francisco juanete
1418,francisco manrrique fuñiga
1419,francisco nuñes balençuela
1420,francisco nuñes xeres
1421,francisco rruys
1422,francisco rruyz
1423,francisco terfon
1424,francisco y
1425,francisso ocanpo
1426,franco cueua
1427,fray xpobal cruz
1428,frncisca ximenes oxeda
1429,galon oro
1430,gançalo vasques
1431,garcia
1432,garcia benjumea
1433,garcia gibraleon
1434,garcia descacena
1435,garcia donzelta
1436,garcia fustanero
1437,garcitello osorio
1438,garsia barionuebo
1439,gaspar rajes
1440,gaspar de
1441,gaspar roxas
1442,gaspar s
1443,gaspar s eliseo
1444,gaspar azeves
1445,gaspar rriuas
1446,gaspar surita
1447,gaspar suñiga y auellaneda
1448,gaspar ragis vuo mardo
1449,gaspar rrages
1450,gemo lufente
1451,gerardo coen
1452,geromino belazquez
1453,geronima
1454,geronimo belarte trespaso
1455,geronimo belasques
1456,geronimo esculla
1457,geronimo hernaddes
1458,geronimo hernimo
1459,geronimo lusente
1460,geronimo rramires
1461,gil basques
1462,gil ceuadilla
1463,giraldo polman
1464,gironimo hernandes
1465,gironimo lorenço
1466,gome sapata
1467,goncalo alonffo
1468,goncalo canpos
1469,goncalo nuñes
1470,gongalo nuñes
1471,gonsalo 
1472,gonsalo canpos
1473,gonzalo decassas
1474,gonzalo gil e asentallo
1475,gonzalo nuñes
1476,gonçalo fenabria
1477,gonçalo nuñes sepulbeda
1478,grabiel abiles
1479,grabiel gonzales
1480,grabier ortiz
1481,granadilio bronceado
1482,grauiel alarcon
1483,grauiel valle
1484,grauiel morejon
1485,graviel mansilla
1486,graviel morejon
1487,gregorio xiii
1488,gruesso llevandola
1489,guardaboz zedro
1490,guardeandres oviedo
1491,guarnesser bronçe
1492,guerfana donsella
1493,gufto fenora
1494,guzman abadessa
1495,guzman vzo
1496,hagojuan oviedo
1497,haçer juan obiedo
1498,hernan munyz
1499,hernan rruyz
1500,hernando armix
1501,hernando esturmes
1502,hernando sturme
1503,hernando destormes
1504,hernando desturmes
1505,hernando mateo mill e cinco maravedis
1506,hernando ysquierdo ensanbladores
1507,hocho año
1508,ifidro blasques
1509,ines ponffe
1510,iohan rodrigues
1511,iohan sanches
1512,isabel alaua
1513,isabel i
1514,isauel los anjeles
1515,jaciton balentin llera
1516,jacques bauzel
1517,jacquez bauzel
1518,jaque berbes
1519,jaques bauchel
1520,jaques bauzel
1521,jarron fera
1522,jasinto baldes
1523,jasinto samora
1524,jayme barva
1525,jeres frontera
1526,jeronimo luzente
1527,jesu xpo
1528,jesucristo resucitado
1529,jesuxpo poniendole
1530,jhoan useda
1531,jhoan çamora
1532,jhoan luis jubetero
1533,jhuxpo san francisco paula
1534,joan
1535,joan balberde
1536,jorge basari
1537,jorge hernondes
1538,jorje
1539,jorje fernandes
1540,jorje hernandes
1541,josefe guerta
1542,josefe suero docientos veinte ducados
1543,josefe gaffo
1544,josefee martinez yrruesta
1545,joseph antonio larrainzar y arbizti
1546,josephe naranjo
1547,jossefe harce
1548,josseffe arche
1549,jossephe arche
1550,juahin abraça
1551,jual obiedo
1552,juan vtesschosider
1553,juan agora
1554,juan balmol
1555,juan bapta
1556,juan bapta vazques
1557,juan bapta çumarraga
1558,juan basques
1559,juan batanes
1560,juan baupta bazques
1561,juan bauta basques
1562,juan bautista y san jusefe
1563,juan belasques
1564,juan bta gonçales
1565,juan de
1566,juan ouido
1567,juan alcaudete
1568,juan aualos y rriuera
1569,juan balberde
1570,juan bustinça
1571,juan canpaña
1572,juan cayquigue y casanueba
1573,juan cueua
1574,juan fauzedo
1575,juan feruantes carauajal
1576,juan fesilia
1577,juan hedad
1578,juan coba escruo
1579,juan pasion
1580,juan lahaya
1581,juan lazebo
1582,juan lerchundi
1583,juan lugano marmolero
1584,juan mdo
1585,juan naba
1586,juan nabeda
1587,juan posaderos
1588,juan rremefal
1589,juan tebriga
1590,juan ualdiuieso
1591,juan ufeda
1592,juan ujebar
1593,juan usseda
1594,juan vzeda
1595,juan xeres
1596,juan deareualo
1597,juan defpinofa escruo
1598,juan despinofa escruo
1599,juan devseda
1600,juan dias batioja
1601,juan dias hare
1602,juan gonsales
1603,juan harentts
1604,juan leclerque
1605,juan leonizio
1606,juan liron
1607,juan luys ysla
1608,juan martinez cuatrocientos i sinquenta ducados
1609,juan martinez montañesrubricado-siguen
1610,juan modeñin
1611,juan no ualga
1612,juan nuñes
1613,juan nuñes yerobi
1614,juan os
1615,juan peñate
1616,juan peñate narbaes
1617,juan rruyz
1618,juan ruuio
1619,juan sanches sabzedo
1620,juan uargaues
1621,juan ximenes barragan
1622,juan xpobal
1623,juana baucel
1624,juana cuñiga
1625,juana faauedra
1626,juana pesaue
1627,juana podays
1628,juanes aobecios
1629,juanes aspur biscayno
1630,juares carabajal
1631,jues las torres
1632,jues testamentos
1633,juizio citacion
1634,julian arquiteto
1635,julian miniquini
1636,juliano meniquini
1637,juo cauello
1638,juo remesal
1639,juo salcedo
1640,juo segarra
1641,juo fernandes
1642,jurado8 u ytem
1643,juridizione onniun
1644,jusgo baldra
1645,jussa juo saluador
1646,justiciamarcos soto
1647,justina 481 rreales
1648,justina modo
1649,justina santa gadea
1650,justisiasebastian cardenaslas
1651,l alferez
1652,labar biejayten
1653,lansa madera sedro
1654,laretana salzedo
1655,lasaro pantoxa
1656,lasgrandes adentroque
1657,laureana salfedo
1658,laureana salzedo
1659,laureana zalzedo
1660,lavores galanas
1661,lazaro quaresma
1662,leonardo aforado
1663,leonardo jorje
1664,leonor ecija
1665,lexitimo de
1666,licdo marquez
1667,lienso mantel
1668,lijitimo de
1669,lineas prespectibas
1670,llebando mano
1671,llebar ariba
1672,lleua caxa
1673,lodobico modeñin
1674,lopez
1675,lopez arquiteto
1676,lopez racionero
1677,lorenzo agora
1678,lorenço berdugo
1679,lorenço obiedo
1680,loyola siete
1681,lucas antegana
1682,lucia damiano ogirondo
1683,luis al vares
1684,luis basques
1685,luis dauila superior
1686,luis baldeuieso
1687,luis baldibieso
1688,luis fijeroa
1689,luis lahaya maeftro
1690,luis hordoñes
1691,luisa alfe
1692,luisa mirana ogirondo
1693,luisa hordoñes
1694,luisa ordoñes quisieredes
1695,luisa ordoñes vra
1696,luissa hordoñes
1697,luys auila
1698,luys figueroa
1699,luys medina
1700,luys montaluan
1701,luys peña
1702,luys peñaloza
1703,luys soria
1704,luys ualdeuieso
1705,luys vargas bordadores
1706,luys villafranca
1707,luys fernandes
1708,luys gonçales
1709,luys hernandes
1710,luys hernandez
1711,luys ortiz
1712,luysa hordones
1713,luysa hordoñes
1714,luysa hordoñez
1715,luysa ordoñes
1716,luysa ordoñez
1717,luzia chaues
1718,luzia sandobal
1719,ma gutierre
1720,madalena uzeda
1721,maese pedro canpaña
1722,maese francisco las recebir
1723,maese pedro canpania
1724,maestre dancart
1725,maestre graviel
1726,magd puco
1727,magdalena uzeda
1728,malgarida ruben
1729,malizia ponen maqula
1730,mandaua y mdo
1731,manco mun
1732,mandadas yten
1733,mandandome s majestad y va
1734,mandandome va
1735,manposteria ladrillo
1736,manposteria media
1737,manposteria suhan
1738,manteles alemanesca
1739,manuel belalcaçar
1740,manuel benalcaçar
1741,manuel prohenzanebes
1742,marauedis rresciui
1743,marcos legote
1744,margarita
1745,margarita nuestra señora
1746,margenquadro pinta
1747,maria loyaeta
1748,maria biuero
1749,maria bulto
1750,maria las niebes
1751,maria ybarguren
1752,maria gonsales
1753,maria muger
1754,maria y francisca
1755,mariana fe
1756,mariana fee
1757,mariana lafee
1758,mariana uera
1759,mariana señalare
1760,marmol genoua
1761,martin
1762,martin gaynça
1763,martin tizapu
1764,martin vrisa
1765,martinez batioja
1766,martyn birues
1767,mateo merodio
1768,mateo nuñes
1769,mateo nuñes saabedra
1770,mateo zersen nasion
1771,matheo merodio
1772,matia cruz
1773,matrimonioalonso cano
1774,matyas cruz
1775,mañana faxardo
1776,mdo los pes
1777,mdo leais
1778,medel 
1779,melchor turin
1780,melchor ximenes alferez
1781,mencia roxas
1782,mensulas molduras
1783,menzia sanches burgos
1784,merced andres obiedo
1785,mercedjuan oviedo
1786,mercedjuo cauello
1787,mercedjuo rio zelaya
1788,meti monja
1789,micaela cuatro ducados
1790,mienbro cornisa
1791,miguel basques
1792,miguel cid mill e quinientos rreales
1793,miguel fumarraga
1794,miguel gaynga
1795,miguel gaynça
1796,miguel loxa
1797,miguel ogirondo
1798,miguel oxirondo
1799,miguel sumarraga
1800,miguel sylos
1801,miguel xeres reziuiendo
1802,miguel desquina
1803,miguel geronimo las bendiese
1804,miguel gonsales
1805,miguel guelles behedores
1806,miguel nuñes
1807,miguel rroxano
1808,miraflores los angeles
1809,mi yten
1810,miçer luys
1811,mueftren hendedura
1812,muncho primor
1813,myranda hebro
1814,nacion berberisca
1815,nauidad primera
1816,nibel
1817,nicolao griego
1818,nicolao rribero
1819,nicolas dysasti
1820,niculao leon
1821,niculao jurate
1822,niculas bergara
1823,niculas monteguerren
1824,niculas rruiz
1825,nieues ciquta mrs
1826,nobe seisos
1827,nombrebenuenuto tortillo
1828,nonbre sedo
1829,nonbro unibersal
1830,notizia jasinto pimentel
1831,nuebo señor san antonio
1832,nuebo el rostro
1833,nuebo el pretil
1834,nuebo bobeda
1835,nuebo reja
1836,nuebo mandamiento
1837,nueftra cofta
1838,obligandome nueuo
1839,ojas fruteros y tarjas
1840,omingo gonçales
1841,omniun santorum
1842,onesto ademan
1843,oniun santorun
1844,orlas vnas letras goticas
1845,ortega doze ducados
1846,ouiedo gaspar nuñes-delgado
1847,pablo legot y chancelo
1848,pablo legotte
1849,pablos legod
1850,pablos legotte
1851,parecera iten
1852,parecio antonio gonsales
1853,paresio lasaro martin
1854,pater nosters
1855,paublo legot
1856,paublo legote
1857,paublo legotte
1858,paulo legote
1859,paulo ueronese
1860,paulos legote
1861,pedaso renglon
1862,pedra billegas
1863,pedro 
1864,pedro alonso leo rregidor
1865,pedro brabo
1866,pedro canpaña
1867,pedro corneue
1868,pedro cangastineo
1869,pedro canpania
1870,pedro canprovin
1871,pedro birgen
1872,pedro cueua
1873,pedro farxa
1874,pedro queba
1875,pedro las cueuas
1876,pedro musques
1877,pedro rrobres
1878,pedro silba
1879,pedro uorja
1880,pedro xpis
1881,pedro dias ynostrosa
1882,pedro dias ynostrossa
1883,pedro dias ynosttosa
1884,pedro minochi
1885,pedro poblete
1886,pedro questaua
1887,pedro rrojero
1888,pedro xpi
1889,pedro zumel
1890,phelix gonzalez
1891,pinos gruessos
1892,platear plata bruñida
1893,podades rescebir
1894,polimento abriendoles
1895,predro marmolexo
1896,presio de
1897,presio mill y quatrocientos rreales
1898,presio quatrocientos reales
1899,proueio mdo
1900,pyntores vesinos
1901,qualesquier juezes
1902,qualesquieres jueses y justisias
1903,quarto nuebo
1904,quintanilla alferez
1905,quiteria sanchez
1906,rason de trese reales
1907,rason hechura
1908,rason qual
1909,reboque cal
1910,reboque cal blanca
1911,recebi de
1912,reciuo de
1913,reglones 
1914,retablo san
1915,reyna
1916,rodrigo argumedo
1917,rodrygo aluares
1918,roque balduz
1919,rosas y flores
1920,rregistrobartolome escotto
1921,rremate subira
1922,rrequiere 
1923,rreszibo syete ducados
1924,rriuerra enriquez birrey
1925,rrodrigo abrego
1926,rrodrigo nabarro
1927,rroque basques
1928,rroque valduque
1929,rruego abeis
1930,rubricado-diego velasquez silva
1931,rubricado-diego zuloaga
1932,rubricado-gabriel ortiz
1933,rubricado-juan uzeda
1934,rubricado-miguel burgos
1935,rubricado-sebastian alarcon
1936,rubricado-alonso molina
1937,rubricado-antonio garcia
1938,rubricado-bernardo messa
1939,rubricado-bias martin silvestre
1940,rubricado-diego barcena
1941,rubricado-diego salcedo
1942,rubricado-diego çuleta
1943,rubricado-diego flores
1944,rubricado-diego gomez
1945,rubricado-francisco vargas
1946,rubricado-francisco carpio
1947,rubricado-francisco fernandez llera
1948,rubricado-francisco pacheco
1949,rubricado-geronimo lara
1950,rubricado-juan farfan
1951,rubricado-juan martinez
1952,rubricado-lucas garcia
1953,rubricado-luis ortiz
1954,rubricado-miguel guelles
1955,rubricadodiego rrodriguez
1956,rubricadofrancisco galiano
1957,rubricadofray antonio ssoria
1958,rubricadodiego salcedo
1959,rubricadofrancisco pacheco
1960,rubricadoambrosio diez escribano
1961,rubricadobalencian martin
1962,rubricadofrancisco pacheco
1963,rubricadojuan farfan
1964,rubricadojuan morales
1965,rubricadojuan oviedo
1966,rubricadomateo diaz escribano publico
1967,rubricadopedro diaz escribano
1968,rubricadopedro carpio
1969,rubricadodiego lopez
1970,rubricadogaspar leon
1971,rubricadojuan moreno
1972,rubricadoroque abley
1973,rubricado—ckristobal francisco cueba
1974,rubricado—francisco alfaro
1975,rubricado—martin femandez pimentel
1976,rucricado-pedro carpio
1977,rufina gilberto
1978,rufina gilberto monja
1979,sacandoles las alviras
1980,salbador canpos
1981,salbador ocanpo
1982,salbadora suares
1983,saluador ocanpo
1984,san jorje
1985,saque liviandali
1986,sasonar tierra
1987,saueis pudiendolo
1988,sauer soror
1989,savastian esclauos
1990,sedro carey
1991,seguirian quitalle
1992,segundas nupcias
1993,segundas nupcias f soto
1994,serbicio dios
1995,servando serbantes
1996,seuastian gonzales
1997,seuillaalonso vargas
1998,sevillapedro fernandes
1999,señoresbienvenuto tortillo
2000,señoresfernan ruys
2001,sierta demafia
2002,siguienteen seuilla
2003,simon sirineo
2004,solares de
2005,supradiego sanchez arieta
2006,syes ymagines
2007,tabernaculo san bicente
2008,taybique sensillo
2009,teftimoniocriftoual xuares
2010,teresa gesus
2011,theresa çuñiga
2012,theresa çuñiga y saavedra
2013,thereza coronado
2014,thomafina montañes
2015,tobias de
2016,tomas silba
2017,tomas sylba
2018,tonio bega
2019,trenidad rreligioso
2020,tumulo calles
2021,uan obiedo
2022,uecino seuilla
2023,uniberfal uezina
2024,urfula rribera
2025,uviere i supiere
2026,vizente hernandes
2027,vuena ohra
2028,vysta oficyales
2029,ximon truxillo
2030,ximon rrodrigues
2031,xoobal martin gutierres
2032,xpbal herrera
2033,xpistobal ruys
2034,xpobal rodriguez calbo
2035,xpobal alcantara roxas
2036,xpobal bela
2037,xpobal caperucci
2038,xpobal clauijo
2039,xpobal guadis
2040,xpobal roxas
2041,xpobal araqui
2042,xpobal artiaga
2043,xpobal ayala
2044,xpobal cardenas
2045,xpobal contreras
2046,xpobal las casas
2047,xpobal llanos
2048,xpobal morales
2049,xpobal ortega
2050,xpobal rrojas
2051,xpobal salcedo
2052,xpobal sausedo
2053,xpobal trugillo
2054,xpobal baño
2055,xpobal franco
2056,xpobal gallegos
2057,xpobal gomez
2058,xpobal gutierrez
2059,xpobal martin
2060,xpobal martin gutieres
2061,xpobal martin gutierres
2062,xpobal nuñes
2063,xpobal ortis
2064,xpobal ortiz
2065,xpobal rrodriguez gaitan
2066,xpobal sanches zorrilla
2067,xponal yepes
2068,xpoual ramires
2069,xpoual ribera
2070,xpoual arguello
2071,xpoual cardenas
2072,xpoual colmenares
2073,xpoual gallegos
2074,xpoual lara
2075,xpoual las casas
2076,xpoual medina
2077,xpoual ortega
2078,xpoual padilla
2079,xpoual peñalosa
2080,xpoual sauzedo
2081,xpoual trugillo
2082,xpoual baño
2083,xpoual gomes
2084,xpoual gomes sarauia
2085,xpoual gomes uviere
2086,xpoual hortiz
2087,xpoual martines abendaño
2088,xpoual ortiz
2089,xpoual ramirez
2090,xpoual sanches
2091,xpoual sanchez
2092,xpoval ramires
2093,xpoval cuello
2094,xpoval cardenas
2095,xpoval colmenares
2096,xpoval los rios
2097,xpoval ortega
2098,xpoval padilla
2099,xpoval pineda
2100,xpoval gomez
2101,xpoval martin
2102,xpoval montaño
2103,xpoval muñoz
2104,xpoval nuñes frayle profefo
2105,xpoval ortiz
2106,xpoval rramires
2107,xpoval rrodrigues orihuela
2108,xpoval solis farfan
2109,xptobal lara
2110,xptobal molina
2111,xptobal çalcedo
2112,xptobal giron
2113,xptobal martin gutierres
2114,xptobal ortis
2115,xptobal ortiz
2116,xptobal roque
2117,xptoual guadis
2118,xptoual ortis
2119,xpual herrera
2120,xrispobal bela
2121,yaques bauchel
2122,yaques berbuet
2123,yfauel osorio
2124,yfauel manzanedo
2125,yfauel mançanedo
2126,ygnacio ortis angel
2127,ymagineria biuda
2128,ymagineria otrosi
2129,ynacio peres
2130,ynacio perez
2131,ynacio yañes
2132,ynacio yañez
2133,ynes alaras
2134,ynes saldaria
2135,ynstancia buestra
2136,ynstanzia mia lleua
2137,ysabel basques
2138,ysabel bazquez
2139,ysabel alaras
2140,ysabel alaraz
2141,ysabel alcaçar
2142,ysabel baldes
2143,ysabel barraza
2144,ysabel billegas
2145,ysabel cueba
2146,ysabel queba
2147,ysabel los angeles
2148,ysabel oforio
2149,ysabel rribera
2150,ysabel sandoual
2151,ysabel sylba
2152,ysabel ualdes
2153,ysabel enrriquez
2154,ysabel india horra
2155,ysabel rrodriguez hermoso vezina
2156,ysabel rruis
2157,ysabel ruys
2158,ysauel cauallero
2159,ysauel presentacion
2160,ysauel cruz
2161,ysauel los angeles
2162,ysauel granillo billabicencio
2163,ysauel oforio
2164,yuso scriptos
2165,yñigo ayala
2166,yñigo lizazañana
2167,yñigo jarafi
2168,zierre el arco
2169,el noticiero sevillano
2170, acetamos
2171, carvajal
2172, nombro
2173, bartolome ximenes
2174, geronimo morzillo
2175,çamora
2176,çumarraga maesos
